8,Mobile Suit Gundam 00,00,2,1,
9,Mobile Suit Gundam SEED,SEED,7,1,
10,Mobile Suit Gundam SEED Destiny,SEED DESTINY,7,1,
11,Mobile Suit Gundam Iron-Blooded Orphans,IBO,11,1,
16,Mobile Suit Gundam,MSG,12,1,
22,Mobile Suit Zeta Gundam,ZETA,12,1,
23,Mobile Suit Gundam 0083: Stardust Memory,0083,12,1,
24,Mobile Fighter G Gundam,G GUNDAM,8,1,
25,Mobile Suit Gundam: The One Year War,,12,7,
26,Mobile Suit Gundam: Char's Counterattack,,12,3,
27,Gundam Neo Experience 0087: Green Divers,,12,3,
28,Mobile Suit Victory Gundam,VICTORY,12,1,
29,Mobile Suit Gundam ZZ,ZZ,12,1,
30,Mobile Suit Gundam Unicorn (Novel),,12,4,37
31,Plamo-Kyoshiro / Dynasty Warriors Gundam 2,,,7,
32,New Mobile Report Gundam Wing: Endless Waltz,WING EW,1,2,58
33,Mobile Suit Gundam SEED C.E. 73: STARGAZER,,7,2,9
34,Mobile Suit Gundam: The 08th MS Team,,12,2,
35,Mobile Suit Gundam SEED VS Astray,VS ASTRAY,7,4,9
36,Mobile Suit Gundam 0080: War in the Pocket,0080,12,2,
37,Mobile Suit Gundam Unicorn,UC,12,2,
38,Mobile Suit Gundam: Char's Counterattack - Beltorchika's Children,,12,4,26
39,Mobile Suit Crossbone Gundam: Steel 7,,12,5,
40,Gundam Build Fighters,,5,1,
41,Mobile Suit Gundam 00V,00V,2,6,8
42,Mobile Suit Gundam: The Origin,ORIGIN,12,5,
43,Mobile Suit Gundam 00V: Battlefield Record,00V:BR,2,4,8
44,Mobile Suit Gundam 00 The Movie -A wakening of the Trailblazer-,00 THE MOVIE,2,3,8
45,Mobile Suit Gundam SEED Destiny Astray R,DESTINY ASTRAY R,7,5,10
46,Gundam Sentinel,SENTINEL,12,4,
47,New Mobile Report Gundam Wing Endless Waltz: The Glory of Losers,,1,5,58
48,Mobile Suit Gundam: Zeonic Front,,12,7,
49,Mobile Suit Variations,MSV,12,6,
50,Mobile Suit Gundam AGE,AGE,3,1,
51,Mobile Suit Gundam Gihren's Greed,,12,7,
52,Mobile Suit Gundam F90,F90,12,5,74
53,"Mobile Suit Gundam Side Story: Space, To the End of a Flash",,12,4,
54,Dynasty Warriors Gundam 2,DWG 2,,7,
55,Zeta Gundam Mobile Suit Variations,ZETA V,12,6,22
56,Plamo-Kyoshiro,,,5,
57,Mobile Suit Gundam Side Story: The Blue Destiny,,12,7,
58,Mobile Suit Gundam Wing,WING,1,1,
59,After War Gundam X,X,4,1,
60,Mobile Suit Gundam: Cross Dimension 0079,,12,7,16
61,Gundam Build Fighters Try,TRY,5,1,40
62,Mobile Suit Gundam Narrative,NARRATIVE,12,3,37
63,Mobile Suit Gundam (Novel),,12,4,16
64,Gundam Evolve: 04 – RX-78 GP03 Dendrobium,,,,
65,Mobile Suit Crossbone Gundam,CROSSBONE,12,5,
66,Mobile Suit Gundam Wing Endless Waltz: Glory of the Losers,,1,5,58
67,Mobile Suit Gundam Thunderbolt,THUNDERBOLT,12,5,
68,∀ Gundam,∀,6,1,
69,Mobile Suit Gundam Unicorn MSV,UNICORN MSV,12,6,37
70,Mobile Suit Gundam SEED Desiny Remastered,,,,
71,Mobile Suit Gundam SEED Destiny Astray B,DESTINY ASTRAY B,7,4,10
72,Mobile Suit Gundam MS IGLOO 2: The Gravity Front,IGLOO 2,12,2,75
73,Mobile Suit Gundam SEED Frame Astrays,,7,4,9
74,Mobile Suit Gundam F91,F91,12,3,
75,Mobile Suit Gundam MS IGLOO,IGLOO,12,2,
76,Gundam Build Divers,DIVERS,5,1,
77,Mobile Suit Gundam UC: One of Seventy Two,,12,4,37
78,Advance of Zeta: The Flag of Titans,,12,4,22
79,Mobile Suit Gundam SEED ASTRAY Princess of the Sky,,7,5,9
80,Gundam Build Divers GBWC,,5,4,76
81,Mobile Suit Gundam SEED Astray,ASTRAY,7,5,9
82,Mobile Suit Gundam Side Story 0079: Rise From The Ashes,,12,7,
83,Gundam Legacy,,12,4,
84,MSV-R,MSV-R,12,6,
85,Mobile Suit Gundam Unicorn RE:0096,,12,1,37
86,Char's Counterattack Mobile Suit Variations,,12,6,26
87,Mobile Suit Gundam UC Perfectibility,,12,8,37
88,Mobile Suit Gundam 0083: Hero of Stardust,,12,5,
89,Gundam Evolve,,,8,
90,CCA-MSV,,,,
91,If I'm With You,,12,5,59
92,Mobile Suit Gundam AGE -UNKNOWN SOLDIERS-,,,,
93,Z-MSV,,,,
94,Gundam F91 Mobile Suit Variations,F91 MSV,12,6,74
95,Mobile Suit Crossbone Gundam: Ghost,,,,
96,Mobile Suit Gundam: Bonds of the Battlefield,,,,
97,Mobile Suit Gundam SEED Destiny Astray,DESTINY ASTRAY,7,5,10
